FID,LGD14CD,LGD14NM,LSOA01CD,LSOA01NM,IMD17
1,N09000001,Antrim and Newtownabbey,95AA01S1,Aldergrove_1,516
2,N09000011,Ards and North Down,95BB14S1,Killinchy_1,564
3,N09000008,Mid and East Antrim,95DD04W1,Ballee,85
4,N09000002,"Armagh City, Banbridge and Craigavon",95FF08W1,Fort,503
5,N09000003,Belfast,95GG14S1,Cavehill_1,819
6,N09000001,Antrim and Newtownabbey,95AA01S2,Aldergrove_2,749
7,N09000002,"Armagh City, Banbridge and Craigavon",95FF09W1,Gilford,347
8,N09000007,Lisburn and Castlereagh,95II13W1,Graham's Bridge,410
9,N09000003,Belfast,95GG14S2,Cavehill_2,736
10,N09000001,Antrim and Newtownabbey,95AA01S3,Aldergrove_3,658
11,N09000011,Ards and North Down,95BB14S2,Killinchy_2,719
12,N09000008,Mid and East Antrim,95DD05W1,Ballykeel,110
13,N09000003,Belfast,95GG14S3,Cavehill_3,848
14,N09000003,Belfast,95II14W1,Hillfoot,884
15,N09000002,"Armagh City, Banbridge and Craigavon",95FF10W1,Gransha,520
16,N09000011,Ards and North Down,95BB15S1,Kircubbin_1,448
17,N09000001,Antrim and Newtownabbey,95AA02W1,Balloo,439
18,N09000007,Lisburn and Castlereagh,95II15S1,Knockbracken_1,870
19,N09000003,Belfast,95GG15S1,Cherryvalley_1,873
20,N09000008,Mid and East Antrim,95DD06W1,Ballyloughan,874
21,N09000002,"Armagh City, Banbridge and Craigavon",95FF11W1,Katesbridge,449
22,N09000011,Ards and North Down,95BB15S2,Kircubbin_2,263
23,N09000001,Antrim and Newtownabbey,95AA03W1,Ballycraigy,259
24,N09000003,Belfast,95GG15S2,Cherryvalley_2,885
25,N09000007,Lisburn and Castlereagh,95II15S2,Knockbracken_2,867
26,N09000008,Mid and East Antrim,95DD07S1,Broughshane_1,691
27,N09000002,"Armagh City, Banbridge and Craigavon",95FF12W1,Lawrencetown,496
28,N09000003,Belfast,95GG15S3,Cherryvalley_3,640
29,N09000011,Ards and North Down,95BB16S1,Lisbane_1,770
30,N09000001,Antrim and Newtownabbey,95AA04W1,Clady,594
31,N09000003,Belfast,95II16W1,Lisnasharragh,615
32,N09000008,Mid and East Antrim,95DD07S2,Broughshane_2,717
33,N09000003,Belfast,95GG16S1,Chichester Park_1,122
34,N09000002,"Armagh City, Banbridge and Craigavon",95FF13W1,Loughbrickland,485
35,N09000011,Ards and North Down,95BB16S2,Lisbane_2,698
36,N09000001,Antrim and Newtownabbey,95AA05W1,Cranfield,613
37,N09000003,Belfast,95II17W1,Lower Braniel,641
38,N09000008,Mid and East Antrim,95DD08W1,Castle Demesne,183
39,N09000002,"Armagh City, Banbridge and Craigavon",95FF14W1,Quilly,639
40,N09000003,Belfast,95GG16S2,Chichester Park_2,377
41,N09000011,Ards and North Down,95BB17S1,Loughries_1,501
42,N09000001,Antrim and Newtownabbey,95AA06S1,Crumlin_1,574
43,N09000002,"Armagh City, Banbridge and Craigavon",95FF15W1,Rathfriland,328
44,N09000003,Belfast,95II18W1,Minnowburn,293
45,N09000008,Mid and East Antrim,95DD09W1,Craigywarren,590
46,N09000003,Belfast,95GG16S3,Chichester Park_3,559
47,N09000011,Ards and North Down,95BB17S2,Loughries_2,524
48,N09000001,Antrim and Newtownabbey,95AA06S2,Crumlin_2,565
49,N09000007,Lisburn and Castlereagh,95II19S1,Moneyreagh_1,821
50,N09000002,"Armagh City, Banbridge and Craigavon",95FF16W1,Seapatrick,672
51,N09000008,Mid and East Antrim,95DD10W1,Cullybackey,538
52,N09000003,Belfast,95GG17S1,Cliftonville_1,98
53,N09000007,Lisburn and Castlereagh,95II19S2,Moneyreagh_2,740
54,N09000011,Ards and North Down,95BB18S1,Millisle_1,306
55,N09000001,Antrim and Newtownabbey,95AA07W1,Drumanaway,569
56,N09000002,"Armagh City, Banbridge and Craigavon",95FF17W1,The Cut,120
57,N09000008,Mid and East Antrim,95DD11W1,Dunclug,154
58,N09000007,Lisburn and Castlereagh,95II20W1,Newtownbreda,815
59,N09000003,Belfast,95GG17S2,Cliftonville_2,515
60,N09000011,Ards and North Down,95BB18S2,Millisle_2,635
61,N09000001,Antrim and Newtownabbey,95AA08W1,Farranshane,178
62,N09000003,Belfast,95GG01S1,Andersonstown_1,388
63,N09000008,Mid and East Antrim,95DD12W1,Dunminning,591
64,N09000003,Belfast,95GG17S3,Cliftonville_3,150
65,N09000003,Belfast,95II21W1,Tullycarnet,248
66,N09000011,Ards and North Down,95BB19S1,Movilla_1,528
67,N09000001,Antrim and Newtownabbey,95AA09W1,Fountain Hill,330
68,N09000003,Belfast,95GG18S1,Clonard_1,50
69,N09000011,Ards and North Down,95BB19S2,Movilla_2,765
70,N09000003,Belfast,95GG01S2,Andersonstown_2,198
71,N09000003,Belfast,95II22W1,Upper Braniel,614
72,N09000008,Mid and East Antrim,95DD13W1,Fair Green,222
73,N09000003,Belfast,95II23W1,Wynchurch,836
74,N09000003,Belfast,95GG01S3,Andersonstown_3,320
75,N09000001,Antrim and Newtownabbey,95AA10W1,Greystone,285
76,N09000008,Mid and East Antrim,95DD14S1,Galgorm_1,794
77,N09000003,Belfast,95GG18S2,Clonard_2,55
78,N09000011,Ards and North Down,95BB19S3,Movilla_3,850
79,N09000004,Causeway Coast and Glens,95JJ01W1,Agivey,550
80,N09000003,Belfast,95GG02S1,Ardoyne_1,16
81,N09000001,Antrim and Newtownabbey,95AA11S1,Massereene_1,670
82,N09000008,Mid and East Antrim,95DD14S2,Galgorm_2,869
83,N09000003,Belfast,95GG19S1,Crumlin_1,24
84,N09000011,Ards and North Down,95BB20S1,Portaferry_1,402
85,N09000004,Causeway Coast and Glens,95JJ02W1,Atlantic,213
86,N09000003,Belfast,95GG02S2,Ardoyne_2,4
87,N09000001,Antrim and Newtownabbey,95AA11S2,Massereene_2,801
88,N09000008,Mid and East Antrim,95DD15W1,Glenravel,679
89,N09000003,Belfast,95GG19S2,Crumlin_2,21
90,N09000011,Ards and North Down,95BB20S2,Portaferry_2,219
91,N09000004,Causeway Coast and Glens,95JJ03S1,Ballysally_1,31
92,N09000003,Belfast,95GG02S3,Ardoyne_3,9
93,N09000001,Antrim and Newtownabbey,95AA12W1,Parkgate,706
94,N09000008,Mid and East Antrim,95DD16W1,Glenwhirry,642
95,N09000003,Belfast,95GG20S1,Duncairn_1,49
96,N09000011,Ards and North Down,95BB21S1,Portavogie_1,225
97,N09000004,Causeway Coast and Glens,95JJ03S2,Ballysally_2,160
98,N09000003,Belfast,95GG03S1,Ballyhackamore_1,811
99,N09000003,Belfast,95GG03S2,Ballyhackamore_2,823
100,N09000003,Belfast,95GG03S3,Ballyhackamore_3,601
101,N09000003,Belfast,95GG04S1,Ballymacarrett_1,95
102,N09000003,Belfast,95GG04S2,Ballymacarrett_2,78
103,N09000003,Belfast,95GG04S3,Ballymacarrett_3,40
104,N09000003,Belfast,95GG05S1,Ballynafeigh_1,579
105,N09000003,Belfast,95GG05S2,Ballynafeigh_2,652
106,N09000003,Belfast,95GG05S3,Ballynafeigh_3,270
107,N09000003,Belfast,95GG06S1,Ballysillan_1,109
108,N09000003,Belfast,95GG06S2,Ballysillan_2,268
109,N09000003,Belfast,95GG06S3,Ballysillan_3,433
110,N09000003,Belfast,95GG07S1,Beechmount_1,121
111,N09000003,Belfast,95GG07S2,Beechmount_2,66
112,N09000003,Belfast,95GG07S3,Beechmount_3,181
113,N09000003,Belfast,95GG08S1,Bellevue_1,570
114,N09000003,Belfast,95GG08S2,Bellevue_2,123
115,N09000003,Belfast,95GG08S3,Bellevue_3,315
116,N09000003,Belfast,95GG09S1,Belmont_1,890
117,N09000003,Belfast,95GG09S2,Belmont_2,747
118,N09000003,Belfast,95GG09S3,Belmont_3,401
119,N09000003,Belfast,95GG10S1,Blackstaff_1,58
120,N09000003,Belfast,95GG10S2,Blackstaff_2,102
121,N09000003,Belfast,95GG11S1,Bloomfield_1,139
122,N09000003,Belfast,95GG11S2,Bloomfield_2,656
123,N09000003,Belfast,95GG11S3,Bloomfield_3,215
124,N09000003,Belfast,95GG12S1,Botanic_1,580
125,N09000003,Belfast,95GG12S2,Botanic_2,457
126,N09000003,Belfast,95GG12S3,Botanic_3,481
127,N09000003,Belfast,95GG12S4,Botanic_4,189
128,N09000003,Belfast,95GG12S5,Botanic_5,79
129,N09000003,Belfast,95GG13S1,Castleview_1,119
130,N09000003,Belfast,95GG13S2,Castleview_2,711
131,N09000003,Belfast,95GG13S3,Castleview_3,463
132,N09000003,Belfast,95GG20S2,Duncairn_2,53
133,N09000003,Belfast,95GG21S1,Falls_1,41
134,N09000003,Belfast,95GG21S2,Falls_2,30
135,N09000003,Belfast,95GG21S3,Falls_3,29
136,N09000003,Belfast,95GG22S1,Falls Park_1,297
137,N09000003,Belfast,95GG22S2,Falls Park_2,393
138,N09000003,Belfast,95GG22S3,Falls Park_3,338
139,N09000003,Belfast,95GG23S1,Finaghy_1,856
140,N09000003,Belfast,95GG23S2,Finaghy_2,854
141,N09000003,Belfast,95GG23S3,Finaghy_3,859
142,N09000003,Belfast,95GG24S1,Fortwilliam_1,685
143,N09000003,Belfast,95GG24S2,Fortwilliam_2,298
144,N09000003,Belfast,95GG24S3,Fortwilliam_3,611
145,N09000003,Belfast,95GG25S1,Glen Road_1,185
146,N09000003,Belfast,95GG25S2,Glen Road_2,267
147,N09000003,Belfast,95GG25S3,Glen Road_3,158
148,N09000003,Belfast,95GG26S1,Glencairn_1,87
149,N09000003,Belfast,95GG26S2,Glencairn_2,136
150,N09000003,Belfast,95GG27S1,Glencolin_1,391
151,N09000003,Belfast,95GG27S2,Glencolin_2,131
152,N09000003,Belfast,95GG27S3,Glencolin_3,162
153,N09000003,Belfast,95GG27S4,Glencolin_4,116
154,N09000003,Belfast,95GG28S1,Highfield_1,522
155,N09000003,Belfast,95GG28S2,Highfield_2,343
156,N09000003,Belfast,95GG28S3,Highfield_3,60
157,N09000003,Belfast,95GG29S1,Island_1,140
158,N09000003,Belfast,95GG29S2,Island_2,350
159,N09000003,Belfast,95GG30S1,Knock_1,384
160,N09000003,Belfast,95GG30S2,Knock_2,882
161,N09000003,Belfast,95GG30S3,Knock_3,841
162,N09000003,Belfast,95GG31S1,Ladybrook_1,763
163,N09000003,Belfast,95GG31S2,Ladybrook_2,368
164,N09000001,Antrim and Newtownabbey,95AA13S1,Randalstown_1,643
165,N09000003,Belfast,95GG31S3,Ladybrook_3,76
166,N09000011,Ards and North Down,95BB21S2,Portavogie_2,472
167,N09000008,Mid and East Antrim,95DD17W1,Grange,648
168,N09000001,Antrim and Newtownabbey,95AA13S2,Randalstown_2,676
169,N09000011,Ards and North Down,95BB22S1,Scrabo_1,231
170,N09000008,Mid and East Antrim,95DD18W1,Harryville,228
171,N09000001,Antrim and Newtownabbey,95AA14W1,Shilvodan,604
172,N09000011,Ards and North Down,95BB22S2,Scrabo_2,71
173,N09000011,Ards and North Down,95BB23S1,Whitespots_1,803
174,N09000004,Causeway Coast and Glens,95JJ04S1,Castlerock_1,373
175,N09000011,Ards and North Down,95BB23S2,Whitespots_2,828
176,N09000004,Causeway Coast and Glens,95JJ04S2,Castlerock_2,450
177,N09000001,Antrim and Newtownabbey,95AA15S1,Springfarm_1,623
178,N09000002,"Armagh City, Banbridge and Craigavon",95CC01W1,Abbey Park,424
179,N09000008,Mid and East Antrim,95DD19S1,Kells_1,518
180,N09000004,Causeway Coast and Glens,95JJ05W1,Central,137
181,N09000001,Antrim and Newtownabbey,95AA15S2,Springfarm_2,247
182,N09000002,"Armagh City, Banbridge and Craigavon",95CC02W1,Ballymartrim,498
183,N09000008,Mid and East Antrim,95DD19S2,Kells_2,692
184,N09000004,Causeway Coast and Glens,95JJ06W1,Churchland,172
185,N09000001,Antrim and Newtownabbey,95AA16W1,Steeple,308
186,N09000002,"Armagh City, Banbridge and Craigavon",95CC03W1,Callan Bridge,61
187,N09000008,Mid and East Antrim,95DD20W1,Moat,91
188,N09000004,Causeway Coast and Glens,95JJ07W1,Cross Glebe,157
189,N09000001,Antrim and Newtownabbey,95AA17W1,Stiles,420
190,N09000002,"Armagh City, Banbridge and Craigavon",95CC04W1,Carrigatuke,273
191,N09000008,Mid and East Antrim,95DD21W1,Park,537
192,N09000004,Causeway Coast and Glens,95JJ08S1,Dundooan_1,337
193,N09000001,Antrim and Newtownabbey,95AA18W1,Templepatrick,758
194,N09000002,"Armagh City, Banbridge and Craigavon",95CC05W1,Charlemont,403
195,N09000008,Mid and East Antrim,95DD22S1,Portglenone_1,596
196,N09000004,Causeway Coast and Glens,95JJ08S2,Dundooan_2,793
197,N09000001,Antrim and Newtownabbey,95AA19W1,Toome,437
198,N09000002,"Armagh City, Banbridge and Craigavon",95CC06S1,Demesne_1,718
199,N09000008,Mid and East Antrim,95DD22S2,Portglenone_2,342
200,N09000004,Causeway Coast and Glens,95JJ09W1,Dunluce,547
201,N09000011,Ards and North Down,95BB01S1,Ballygowan_1,744
202,N09000002,"Armagh City, Banbridge and Craigavon",95CC06S2,Demesne_2,521
203,N09000008,Mid and East Antrim,95DD23W1,Slemish,484
204,N09000004,Causeway Coast and Glens,95JJ10W1,Garvagh,272
205,N09000011,Ards and North Down,95BB01S2,Ballygowan_2,701
206,N09000002,"Armagh City, Banbridge and Craigavon",95CC07W1,Derrynoose,212
207,N09000008,Mid and East Antrim,95DD24W1,Summerfield,734
208,N09000004,Causeway Coast and Glens,95JJ11S1,Hopefield_1,626
209,N09000011,Ards and North Down,95BB02W1,Ballyrainey,240
210,N09000002,"Armagh City, Banbridge and Craigavon",95CC08W1,Downs,288
211,N09000004,Causeway Coast and Glens,95EE01W1,Ballyhoe and Corkey,387
212,N09000004,Causeway Coast and Glens,95JJ11S2,Hopefield_2,593
213,N09000011,Ards and North Down,95BB03S1,Ballywalter_1,223
214,N09000002,"Armagh City, Banbridge and Craigavon",95CC09S1,Hamiltonsbawn_1,657
215,N09000004,Causeway Coast and Glens,95EE02W1,Benvardin,382
216,N09000004,Causeway Coast and Glens,95JJ12W1,Kilrea,407
217,N09000011,Ards and North Down,95BB03S2,Ballywalter_2,374
218,N09000002,"Armagh City, Banbridge and Craigavon",95CC09S2,Hamiltonsbawn_2,651
219,N09000004,Causeway Coast and Glens,95EE03W1,Carnany,302
220,N09000004,Causeway Coast and Glens,95JJ13S1,Knocklynn_1,542
221,N09000011,Ards and North Down,95BB04S1,Bradshaw's Brae_1,467
222,N09000002,"Armagh City, Banbridge and Craigavon",95CC10W1,Hockley,680
223,N09000004,Causeway Coast and Glens,95EE04W1,Clogh Mills,483
224,N09000004,Causeway Coast and Glens,95EE05W1,Dervock,349
225,N09000004,Causeway Coast and Glens,95EE06W1,Dunloy,581
226,N09000004,Causeway Coast and Glens,95EE07W1,Fairhill,488
227,N09000004,Causeway Coast and Glens,95EE08W1,Glebe,677
228,N09000004,Causeway Coast and Glens,95EE09W1,Killoquin Lower,546
229,N09000004,Causeway Coast and Glens,95EE10W1,Killoquin Upper,566
230,N09000004,Causeway Coast and Glens,95EE11W1,Knockaholet,575
231,N09000004,Causeway Coast and Glens,95EE12W1,Newhill,204
232,N09000004,Causeway Coast and Glens,95EE13W1,Route,197
233,N09000004,Causeway Coast and Glens,95EE14W1,Seacon,533
234,N09000004,Causeway Coast and Glens,95EE15W1,Stranocum,552
235,N09000004,Causeway Coast and Glens,95EE16W1,The Vow,444
236,N09000002,"Armagh City, Banbridge and Craigavon",95FF01S1,Ballydown_1,806
237,N09000002,"Armagh City, Banbridge and Craigavon",95FF01S2,Ballydown_2,805
238,N09000010,"Newry, Mourne and Down",95FF02W1,Ballyward,233
239,N09000002,"Armagh City, Banbridge and Craigavon",95FF03W1,Banbridge West,430
240,N09000002,"Armagh City, Banbridge and Craigavon",95FF04W1,Bannside,411
241,N09000002,"Armagh City, Banbridge and Craigavon",95FF05W1,Dromore North,502
242,N09000002,"Armagh City, Banbridge and Craigavon",95FF06S1,Dromore South_1,785
243,N09000002,"Armagh City, Banbridge and Craigavon",95FF06S2,Dromore South_2,797
244,N09000002,"Armagh City, Banbridge and Craigavon",95FF07W1,Edenderry,224
245,N09000004,Causeway Coast and Glens,95JJ13S2,Knocklynn_2,665
246,N09000011,Ards and North Down,95BB04S2,Bradshaw's Brae_2,743
247,N09000004,Causeway Coast and Glens,95JJ14W1,Macosquin,458
248,N09000011,Ards and North Down,95BB05S1,Carrowdore_1,506
249,N09000004,Causeway Coast and Glens,95JJ15W1,Mount Sandel,471
250,N09000011,Ards and North Down,95BB05S2,Carrowdore_2,548
251,N09000004,Causeway Coast and Glens,95JJ16W1,Portstewart,253
252,N09000011,Ards and North Down,95BB06W1,Central,99
253,N09000004,Causeway Coast and Glens,95JJ17W1,Ringsend,341
254,N09000011,Ards and North Down,95BB07S1,Comber East_1,325
255,N09000004,Causeway Coast and Glens,95JJ18W1,Royal Portrush,105
256,N09000011,Ards and North Down,95BB07S2,Comber East_2,696
257,N09000002,"Armagh City, Banbridge and Craigavon",95CC11W1,Keady,125
258,N09000004,Causeway Coast and Glens,95JJ19S1,Strand_1,835
259,N09000011,Ards and North Down,95BB08S1,Comber North_1,303
260,N09000002,"Armagh City, Banbridge and Craigavon",95CC12W1,Killeen,443
261,N09000004,Causeway Coast and Glens,95JJ19S2,Strand_2,861
262,N09000011,Ards and North Down,95BB08S2,Comber North_2,741
263,N09000002,"Armagh City, Banbridge and Craigavon",95CC13W1,Killylea,432
264,N09000004,Causeway Coast and Glens,95JJ20S1,The Cuts_1,592
265,N09000011,Ards and North Down,95BB09S1,Comber West_1,704
266,N09000002,"Armagh City, Banbridge and Craigavon",95CC14W1,Laurelvale,588
267,N09000004,Causeway Coast and Glens,95JJ20S2,The Cuts_2,539
268,N09000003,Belfast,95GG49S1,Windsor_1,822
269,N09000011,Ards and North Down,95BB09S2,Comber West_2,795
270,N09000002,"Armagh City, Banbridge and Craigavon",95CC15W1,Loughgall,505
271,N09000004,Causeway Coast and Glens,95JJ21W1,University,398
272,N09000003,Belfast,95GG49S2,Windsor_2,790
273,N09000011,Ards and North Down,95BB10S1,Donaghadee North_1,508
274,N09000002,"Armagh City, Banbridge and Craigavon",95CC16W1,Markethill,310
275,N09000004,Causeway Coast and Glens,95JJ22W1,Waterside,708
276,N09000003,Belfast,95GG49S3,Windsor_3,482
277,N09000011,Ards and North Down,95BB10S2,Donaghadee North_2,750
278,N09000002,"Armagh City, Banbridge and Craigavon",95CC17W1,Milford,600
279,N09000002,"Armagh City, Banbridge and Craigavon",95CC18W1,Observatory,426
280,N09000002,"Armagh City, Banbridge and Craigavon",95CC19W1,Poyntz Pass,294
281,N09000002,"Armagh City, Banbridge and Craigavon",95CC20S1,Rich Hill_1,786
282,N09000002,"Armagh City, Banbridge and Craigavon",95CC20S2,Rich Hill_2,637
283,N09000002,"Armagh City, Banbridge and Craigavon",95CC21W1,Tandragee,353
284,N09000002,"Armagh City, Banbridge and Craigavon",95CC22W1,The Mall,269
285,N09000008,Mid and East Antrim,95DD01W1,Academy,681
286,N09000008,Mid and East Antrim,95DD02S1,Ahoghill_1,598
287,N09000008,Mid and East Antrim,95DD02S2,Ahoghill_2,778
288,N09000008,Mid and East Antrim,95DD03W1,Ardeevin,817
289,N09000003,Belfast,95GG32S1,Legoniel_1,161
290,N09000009,Mid Ulster,95KK01W1,Ardboe,206
291,N09000011,Ards and North Down,95BB11S1,Donaghadee South_1,199
292,N09000009,Mid Ulster,95KK02W1,Coagh,492
293,N09000003,Belfast,95GG32S2,Legoniel_2,88
294,N09000003,Belfast,95GG49S4,Windsor_4,556
295,N09000011,Ards and North Down,95BB11S2,Donaghadee South_2,597
296,N09000009,Mid Ulster,95KK03W1,Dunnamore,271
297,N09000003,Belfast,95GG32S3,Legoniel_3,386
298,N09000003,Belfast,95GG50S1,Woodstock_1,155
299,N09000011,Ards and North Down,95BB12S1,Glen_1,97
300,N09000009,Mid Ulster,95KK04W1,Gortalowry,404
301,N09000003,Belfast,95GG33S1,Malone_1,849
302,N09000003,Belfast,95GG50S2,Woodstock_2,128
303,N09000011,Ards and North Down,95BB12S2,Glen_2,683
304,N09000009,Mid Ulster,95KK05W1,Killycolpy,314
305,N09000003,Belfast,95GG33S2,Malone_2,875
306,N09000003,Belfast,95GG50S3,Woodstock_3,96
307,N09000011,Ards and North Down,95BB13S1,Gregstown_1,339
308,N09000009,Mid Ulster,95KK06W1,Killymoon,254
309,N09000003,Belfast,95GG33S3,Malone_3,773
310,N09000003,Belfast,95GG51S1,Woodvale_1,8
311,N09000011,Ards and North Down,95BB13S2,Gregstown_2,345
312,N09000009,Mid Ulster,95KK07W1,Lissan,434
313,N09000003,Belfast,95GG34S1,Musgrave_1,256
314,N09000003,Belfast,95GG51S2,Woodvale_2,12
315,N09000011,Ards and North Down,95BB13S3,Gregstown_3,721
316,N09000009,Mid Ulster,95KK08W1,Moneymore,406
317,N09000003,Belfast,95GG34S2,Musgrave_2,757
318,N09000003,Belfast,95GG51S3,Woodvale_3,17
319,N09000003,Belfast,95GG34S3,Musgrave_3,820
320,N09000008,Mid and East Antrim,95HH01W1,Blackhead,605
321,N09000003,Belfast,95GG35S1,New Lodge_1,25
322,N09000008,Mid and East Antrim,95HH02S1,Bluefield_1,766
323,N09000003,Belfast,95GG35S2,New Lodge_2,7
324,N09000008,Mid and East Antrim,95HH02S2,Bluefield_2,810
325,N09000003,Belfast,95GG35S3,New Lodge_3,32
326,N09000008,Mid and East Antrim,95HH03W1,Boneybefore,791
327,N09000003,Belfast,95GG36S1,Orangefield_1,667
328,N09000008,Mid and East Antrim,95HH04S1,Burleigh Hill_1,774
329,N09000003,Belfast,95GG36S2,Orangefield_2,834
330,N09000008,Mid and East Antrim,95HH04S2,Burleigh Hill_2,829
331,N09000003,Belfast,95GG36S3,Orangefield_3,813
332,N09000008,Mid and East Antrim,95HH05W1,Clipperstown,286
333,N09000003,Belfast,95GG37S1,Ravenhill_1,833
334,N09000008,Mid and East Antrim,95HH06S1,Eden_1,752
335,N09000003,Belfast,95GG37S2,Ravenhill_2,668
336,N09000008,Mid and East Antrim,95HH06S2,Eden_2,617
337,N09000003,Belfast,95GG37S3,Ravenhill_3,730
338,N09000008,Mid and East Antrim,95HH07W1,Gortalee,276
339,N09000003,Belfast,95GG38S1,Rosetta_1,846
340,N09000008,Mid and East Antrim,95HH08W1,Greenisland,783
341,N09000008,Mid and East Antrim,95HH09W1,Killycrot,252
342,N09000008,Mid and East Antrim,95HH10W1,Knockagh,865
343,N09000008,Mid and East Antrim,95HH11W1,Love Lane,173
344,N09000008,Mid and East Antrim,95HH12W1,Milebush,536
345,N09000008,Mid and East Antrim,95HH13W1,Northland,65
346,N09000008,Mid and East Antrim,95HH14W1,Sunnylands,230
347,N09000008,Mid and East Antrim,95HH15W1,Victoria,609
348,N09000008,Mid and East Antrim,95HH16W1,Whitehead,699
349,N09000008,Mid and East Antrim,95HH17W1,Woodburn,644
350,N09000007,Lisburn and Castlereagh,95II01S1,Ballyhanwood_1,784
351,N09000007,Lisburn and Castlereagh,95II01S2,Ballyhanwood_2,827
352,N09000007,Lisburn and Castlereagh,95II02S1,Beechill_1,853
353,N09000007,Lisburn and Castlereagh,95II02S2,Beechill_2,733
354,N09000003,Belfast,95II02S3,Beechill_3,549
355,N09000007,Lisburn and Castlereagh,95II03S1,Cairnshill_1,880
356,N09000007,Lisburn and Castlereagh,95II03S2,Cairnshill_2,845
357,N09000007,Lisburn and Castlereagh,95II04S1,Carrowreagh_1,860
358,N09000007,Lisburn and Castlereagh,95II04S2,Carrowreagh_2,511
359,N09000007,Lisburn and Castlereagh,95II05S1,Carryduff East_1,814
360,N09000007,Lisburn and Castlereagh,95II05S2,Carryduff East_2,725
361,N09000007,Lisburn and Castlereagh,95II06S1,Carryduff West_1,851
362,N09000007,Lisburn and Castlereagh,95II06S2,Carryduff West_2,872
363,N09000003,Belfast,95II07W1,Cregagh,241
364,N09000003,Belfast,95II08W1,Downshire,687
365,N09000007,Lisburn and Castlereagh,95II09S1,Dundonald_1,807
366,N09000007,Lisburn and Castlereagh,95II09S2,Dundonald_2,838
367,N09000007,Lisburn and Castlereagh,95II10W1,Enler,371
368,N09000007,Lisburn and Castlereagh,95II11W1,Galwally,883
369,N09000003,Belfast,95II12W1,Gilnahirk,877
370,N09000003,Belfast,95GG38S2,Rosetta_2,707
371,N09000003,Belfast,95GG38S3,Rosetta_3,881
372,N09000003,Belfast,95GG39S1,Shaftesbury_1,163
373,N09000003,Belfast,95GG39S2,Shaftesbury_2,146
374,N09000003,Belfast,95GG39S3,Shaftesbury_3,67
375,N09000003,Belfast,95GG40S1,Shankill_1,28
376,N09000003,Belfast,95GG40S2,Shankill_2,18
377,N09000003,Belfast,95GG41S1,Stormont_1,866
378,N09000003,Belfast,95GG41S2,Stormont_2,889
379,N09000003,Belfast,95GG41S3,Stormont_3,876
380,N09000003,Belfast,95GG42S1,Stranmillis_1,887
381,N09000003,Belfast,95GG42S2,Stranmillis_2,888
382,N09000003,Belfast,95GG42S3,Stranmillis_3,832
383,N09000003,Belfast,95GG42S4,Stranmillis_4,879
384,N09000003,Belfast,95GG43S1,Sydenham_1,318
385,N09000003,Belfast,95GG43S2,Sydenham_2,627
386,N09000003,Belfast,95GG43S3,Sydenham_3,456
387,N09000003,Belfast,95GG44S1,The Mount_1,80
388,N09000003,Belfast,95GG44S2,The Mount_2,64
389,N09000003,Belfast,95GG45S1,Upper Malone_1,843
390,N09000003,Belfast,95GG45S2,Upper Malone_2,159
391,N09000003,Belfast,95GG45S3,Upper Malone_3,720
392,N09000003,Belfast,95GG46S1,Upper Springfield_1,82
393,N09000003,Belfast,95GG46S2,Upper Springfield_2,77
394,N09000003,Belfast,95GG46S3,Upper Springfield_3,48
395,N09000003,Belfast,95GG47S1,Water Works_1,15
396,N09000003,Belfast,95GG47S2,Water Works_2,2
397,N09000003,Belfast,95GG47S3,Water Works_3,56
398,N09000003,Belfast,95GG48S1,Whiterock_1,74
399,N09000003,Belfast,95GG48S2,Whiterock_2,23
400,N09000003,Belfast,95GG48S3,Whiterock_3,35
401,N09000010,"Newry, Mourne and Down",95VV24S1,Seaview_1,620
402,N09000010,"Newry, Mourne and Down",95VV24S2,Seaview_2,244
403,N09000009,Mid Ulster,95KK09W1,Newbuildings,390
404,N09000009,Mid Ulster,95TT13S1,Town Parks East_1,435
405,N09000002,"Armagh City, Banbridge and Craigavon",95LL26S1,Woodville_1,14
406,N09000010,"Newry, Mourne and Down",95VV25S1,Silver Bridge_1,94
407,N09000010,"Newry, Mourne and Down",95VV25S2,Silver Bridge_2,220
408,N09000010,"Newry, Mourne and Down",95VV26W1,Spelga,284
409,N09000010,"Newry, Mourne and Down",95VV27W1,St Mary's,207
410,N09000010,"Newry, Mourne and Down",95VV28S1,St Patrick's_1,400
411,N09000010,"Newry, Mourne and Down",95VV28S2,St Patrick's_2,126
412,N09000010,"Newry, Mourne and Down",95VV29W1,Tullyhappy,322
413,N09000010,"Newry, Mourne and Down",95VV30S1,Windsor Hill_1,710
414,N09000010,"Newry, Mourne and Down",95VV30S2,Windsor Hill_2,370
415,N09000001,Antrim and Newtownabbey,95WW01S1,Abbey_1,451
416,N09000001,Antrim and Newtownabbey,95WW01S2,Abbey_2,428
417,N09000001,Antrim and Newtownabbey,95WW02S1,Ballyclare North_1,489
418,N09000001,Antrim and Newtownabbey,95WW02S2,Ballyclare North_2,571
419,N09000001,Antrim and Newtownabbey,95WW03S1,Ballyclare South_1,324
420,N09000001,Antrim and Newtownabbey,95WW03S2,Ballyclare South_2,732
421,N09000001,Antrim and Newtownabbey,95WW04S1,Ballyduff_1,486
422,N09000001,Antrim and Newtownabbey,95WW04S2,Ballyduff_2,654
423,N09000001,Antrim and Newtownabbey,95WW05S1,Ballyhenry_1,705
424,N09000001,Antrim and Newtownabbey,95WW05S2,Ballyhenry_2,507
425,N09000001,Antrim and Newtownabbey,95WW06S1,Ballynure_1,653
426,N09000001,Antrim and Newtownabbey,95WW06S2,Ballynure_2,800
427,N09000001,Antrim and Newtownabbey,95WW07S1,Ballyrobert_1,777
428,N09000001,Antrim and Newtownabbey,95WW07S2,Ballyrobert_2,748
429,N09000001,Antrim and Newtownabbey,95WW08S1,Burnthill_1,754
430,N09000001,Antrim and Newtownabbey,95WW08S2,Burnthill_2,759
431,N09000001,Antrim and Newtownabbey,95WW09S1,Carnmoney_1,165
432,N09000001,Antrim and Newtownabbey,95WW09S2,Carnmoney_2,782
433,N09000001,Antrim and Newtownabbey,95WW10S1,Cloughfern_1,618
434,N09000001,Antrim and Newtownabbey,95WW10S2,Cloughfern_2,469
435,N09000001,Antrim and Newtownabbey,95WW11S1,Collinbridge_1,802
436,N09000001,Antrim and Newtownabbey,95WW11S2,Collinbridge_2,760
437,N09000001,Antrim and Newtownabbey,95WW12W1,Coole,103
438,N09000001,Antrim and Newtownabbey,95WW13S1,Doagh_1,799
439,N09000001,Antrim and Newtownabbey,95WW13S2,Doagh_2,694
440,N09000001,Antrim and Newtownabbey,95WW14W1,Dunanney,84
441,N09000001,Antrim and Newtownabbey,95WW15S1,Glebe_1,724
442,N09000001,Antrim and Newtownabbey,95WW15S2,Glebe_2,826
443,N09000001,Antrim and Newtownabbey,95WW16S1,Glengormley_1,638
444,N09000001,Antrim and Newtownabbey,95WW16S2,Glengormley_2,195
445,N09000001,Antrim and Newtownabbey,95WW17W1,Hawthorne,495
446,N09000001,Antrim and Newtownabbey,95WW18W1,Hightown,517
447,N09000001,Antrim and Newtownabbey,95WW19S1,Jordanstown_1,779
448,N09000001,Antrim and Newtownabbey,95WW19S2,Jordanstown_2,878
449,N09000001,Antrim and Newtownabbey,95WW19S3,Jordanstown_3,871
450,N09000001,Antrim and Newtownabbey,95WW20S1,Mallusk_1,745
451,N09000001,Antrim and Newtownabbey,95WW20S2,Mallusk_2,792
452,N09000001,Antrim and Newtownabbey,95WW20S3,Mallusk_3,839
453,N09000001,Antrim and Newtownabbey,95WW21S1,Monkstown_1,117
454,N09000009,Mid Ulster,95OO06W1,Benburb,494
455,N09000008,Mid and East Antrim,95QQ09W1,Gardenmore,595
456,N09000005,Derry City and Strabane,95MM25S3,Shantallow West_3,51
457,N09000005,Derry City and Strabane,95MM25S4,Shantallow West_4,327
458,N09000009,Mid Ulster,95KK10W1,Oaklands,397
459,N09000008,Mid and East Antrim,95QQ10W1,Glenarm,281
460,N09000005,Derry City and Strabane,95MM26S1,Springtown_1,144
461,N09000009,Mid Ulster,95OO07W1,Caledon,465
462,N09000002,"Armagh City, Banbridge and Craigavon",95LL26S2,Woodville_2,772
463,N09000009,Mid Ulster,95TT13S2,Town Parks East_2,218
464,N09000009,Mid Ulster,95KK11W1,Oldtown,296
465,N09000009,Mid Ulster,95KK12W1,Pomeroy,167
466,N09000005,Derry City and Strabane,95MM26S2,Springtown_2,578
467,N09000005,Derry City and Strabane,95MM01S1,Altnagelvin_1,101
468,N09000005,Derry City and Strabane,95MM27S1,Strand_1,5
469,N09000009,Mid Ulster,95KK13W1,Sandholes,478
470,N09000008,Mid and East Antrim,95QQ11W1,Glynn,555
471,N09000009,Mid Ulster,95TT14W1,Town Parks West,544
472,N09000009,Mid Ulster,95OO08W1,Castlecaulfield,625
473,N09000009,Mid Ulster,95TT15W1,Upperlands,358
474,N09000005,Derry City and Strabane,95MM27S2,Strand_2,405
475,N09000005,Derry City and Strabane,95MM01S2,Altnagelvin_2,545
476,N09000009,Mid Ulster,95OO09W1,Clogher,331
477,N09000008,Mid and East Antrim,95QQ12W1,Harbour,441
478,N09000009,Mid Ulster,95TT16W1,Valley,510
479,N09000009,Mid Ulster,95KK14W1,Stewartstown,408
480,N09000005,Derry City and Strabane,95MM28W1,The Diamond,6
481,N09000005,Derry City and Strabane,95MM01S3,Altnagelvin_3,525
482,N09000009,Mid Ulster,95OO10W1,Coalisland North,329
483,N09000008,Mid and East Antrim,95QQ13W1,Island Magee,514
484,N09000004,Causeway Coast and Glens,95UU06W1,Dalriada,584
485,N09000009,Mid Ulster,95KK15W1,The Loop,531
486,N09000005,Derry City and Strabane,95MM29W1,Victoria,153
487,N09000005,Derry City and Strabane,95MM02S1,Ballynashallog_1,621
488,N09000009,Mid Ulster,95OO11W1,Coalisland South,92
489,N09000008,Mid and East Antrim,95QQ14S1,Kilwaughter_1,728
490,N09000004,Causeway Coast and Glens,95UU09W1,Glenariff,543
491,N09000009,Mid Ulster,95KK16W1,Tullagh,561
492,N09000005,Derry City and Strabane,95MM30W1,Westland,45
493,N09000005,Derry City and Strabane,95MM02S2,Ballynashallog_2,808
494,N09000009,Mid Ulster,95OO12W1,Coalisland West and Newmills,360
495,N09000008,Mid and East Antrim,95QQ14S2,Kilwaughter_2,568
496,N09000004,Causeway Coast and Glens,95UU14W1,Knocklayd,221
497,N09000004,Causeway Coast and Glens,95UU99C1,Armoy and Moss-Side and Moyarget,169
498,N09000004,Causeway Coast and Glens,95UU99C2,Ballylough and Bushmills,177
499,N09000004,Causeway Coast and Glens,95UU99C3,Bonamargy and Rathlin and Glenshesk,460
500,N09000004,Causeway Coast and Glens,95UU99C4,Carnmoon and Dunseverick,210
501,N09000004,Causeway Coast and Glens,95UU99C5,Glenaan and Glendun,499
502,N09000004,Causeway Coast and Glens,95UU99C6,Glentaisie and Kinbane,124
503,N09000010,"Newry, Mourne and Down",95VV01S1,Annalong_1,363
504,N09000010,"Newry, Mourne and Down",95VV01S2,Annalong_2,187
505,N09000010,"Newry, Mourne and Down",95VV02W1,Ballybot,93
506,N09000010,"Newry, Mourne and Down",95VV03W1,Bessbrook,132
507,N09000010,"Newry, Mourne and Down",95VV04W1,Binnian,335
508,N09000010,"Newry, Mourne and Down",95VV05S1,Burren and Kilbroney_1,473
509,N09000010,"Newry, Mourne and Down",95VV05S2,Burren and Kilbroney_2,663
510,N09000010,"Newry, Mourne and Down",95VV06W1,Camlough,260
511,N09000010,"Newry, Mourne and Down",95VV07S1,Clonallan_1,133
512,N09000010,"Newry, Mourne and Down",95VV07S2,Clonallan_2,619
513,N09000010,"Newry, Mourne and Down",95VV08W1,Creggan,72
514,N09000010,"Newry, Mourne and Down",95VV09W1,Crossmaglen,57
515,N09000010,"Newry, Mourne and Down",95VV10S1,Daisy Hill_1,171
516,N09000010,"Newry, Mourne and Down",95VV10S2,Daisy Hill_2,75
517,N09000010,"Newry, Mourne and Down",95VV11S1,Derryleckagh_1,686
518,N09000010,"Newry, Mourne and Down",95VV11S2,Derryleckagh_2,557
519,N09000010,"Newry, Mourne and Down",95VV12S1,Derrymore_1,147
520,N09000010,"Newry, Mourne and Down",95VV12S2,Derrymore_2,237
521,N09000010,"Newry, Mourne and Down",95VV13S1,Donaghmore_1,334
522,N09000010,"Newry, Mourne and Down",95VV13S2,Donaghmore_2,504
523,N09000010,"Newry, Mourne and Down",95VV14S1,Drumalane_1,326
524,N09000010,"Newry, Mourne and Down",95VV14S2,Drumalane_2,279
525,N09000010,"Newry, Mourne and Down",95VV15S1,Drumgullion_1,70
526,N09000010,"Newry, Mourne and Down",95VV15S2,Drumgullion_2,551
527,N09000010,"Newry, Mourne and Down",95VV16W1,Fathom,243
528,N09000010,"Newry, Mourne and Down",95VV17S1,Forkhill_1,249
529,N09000010,"Newry, Mourne and Down",95VV17S2,Forkhill_2,100
530,N09000010,"Newry, Mourne and Down",95VV18S1,Kilkeel Central_1,540
531,N09000010,"Newry, Mourne and Down",95VV18S2,Kilkeel Central_2,258
532,N09000010,"Newry, Mourne and Down",95VV19S1,Kilkeel South_1,500
533,N09000010,"Newry, Mourne and Down",95VV19S2,Kilkeel South_2,113
534,N09000010,"Newry, Mourne and Down",95VV20W1,Lisnacree,336
535,N09000010,"Newry, Mourne and Down",95VV21S1,Mayobridge_1,378
536,N09000010,"Newry, Mourne and Down",95VV21S2,Mayobridge_2,587
537,N09000010,"Newry, Mourne and Down",95VV22W1,Newtownhamilton,111
538,N09000010,"Newry, Mourne and Down",95VV23W1,Rostrevor,385
539,N09000005,Derry City and Strabane,95MM03W1,Banagher,245
540,N09000005,Derry City and Strabane,95MM04W1,Beechwood,196
541,N09000008,Mid and East Antrim,95QQ15W1,Town Parks,292
542,N09000005,Derry City and Strabane,95MM05W1,Brandywell,13
543,N09000002,"Armagh City, Banbridge and Craigavon",95LL01S1,Aghagallon_1,649
544,N09000010,"Newry, Mourne and Down",95NN01S1,Ardglass_1,176
545,N09000004,Causeway Coast and Glens,95RR01S1,Aghanloo_1,414
546,N09000009,Mid Ulster,95OO13W1,Coolhill,662
547,N09000005,Derry City and Strabane,95MM06S1,Carn Hill_1,226
548,N09000002,"Armagh City, Banbridge and Craigavon",95LL01S2,Aghagallon_2,684
549,N09000010,"Newry, Mourne and Down",95NN01S2,Ardglass_2,305
550,N09000004,Causeway Coast and Glens,95RR01S2,Aghanloo_2,493
551,N09000004,Causeway Coast and Glens,95RR02W1,Ballykelly,251
552,N09000004,Causeway Coast and Glens,95RR03W1,Coolessan,34
553,N09000004,Causeway Coast and Glens,95RR04W1,Dungiven,145
554,N09000004,Causeway Coast and Glens,95RR05S1,Enagh_1,610
555,N09000004,Causeway Coast and Glens,95RR05S2,Enagh_2,127
556,N09000004,Causeway Coast and Glens,95RR06W1,Feeny,203
557,N09000004,Causeway Coast and Glens,95RR07W1,Forest,446
558,N09000004,Causeway Coast and Glens,95RR08W1,Glack,365
559,N09000004,Causeway Coast and Glens,95RR09S1,Gresteel_1,290
560,N09000004,Causeway Coast and Glens,95RR09S2,Gresteel_2,265
561,N09000004,Causeway Coast and Glens,95RR10W1,Greystone,11
562,N09000004,Causeway Coast and Glens,95RR11W1,Magilligan,491
563,N09000004,Causeway Coast and Glens,95RR12W1,Rathbrady,348
564,N09000004,Causeway Coast and Glens,95RR13W1,Roeside,191
565,N09000004,Causeway Coast and Glens,95RR14W1,The Highlands,194
566,N09000004,Causeway Coast and Glens,95RR15W1,Upper Glenshane,440
567,N09000007,Lisburn and Castlereagh,95SS01S1,Ballinderry_1,673
568,N09000007,Lisburn and Castlereagh,95SS01S2,Ballinderry_2,695
569,N09000007,Lisburn and Castlereagh,95SS02S1,Ballymacash_1,655
570,N09000007,Lisburn and Castlereagh,95SS02S2,Ballymacash_2,844
571,N09000007,Lisburn and Castlereagh,95SS03S1,Ballymacbrennan_1,700
572,N09000007,Lisburn and Castlereagh,95SS03S2,Ballymacbrennan_2,659
573,N09000007,Lisburn and Castlereagh,95SS04S1,Ballymacoss_1,361
574,N09000007,Lisburn and Castlereagh,95SS04S2,Ballymacoss_2,535
575,N09000007,Lisburn and Castlereagh,95SS04S3,Ballymacoss_3,723
576,N09000007,Lisburn and Castlereagh,95SS05S1,Blaris_1,509
577,N09000007,Lisburn and Castlereagh,95SS05S2,Blaris_2,837
578,N09000003,Belfast,95SS06S1,Collin Glen_1,63
579,N09000003,Belfast,95SS06S2,Collin Glen_2,20
580,N09000003,Belfast,95SS06S3,Collin Glen_3,26
581,N09000003,Belfast,95SS07S1,Derryaghy_1,487
582,N09000003,Belfast,95SS07S2,Derryaghy_2,554
583,N09000007,Lisburn and Castlereagh,95SS07S3,Derryaghy_3,567
584,N09000007,Lisburn and Castlereagh,95SS08S1,Dromara_1,769
585,N09000007,Lisburn and Castlereagh,95SS08S2,Dromara_2,675
586,N09000007,Lisburn and Castlereagh,95SS09S1,Drumbo_1,764
587,N09000007,Lisburn and Castlereagh,95SS09S2,Drumbo_2,709
588,N09000003,Belfast,95SS10S1,Dunmurry_1,572
589,N09000003,Belfast,95SS10S2,Dunmurry_2,831
590,N09000007,Lisburn and Castlereagh,95SS11S1,Glenavy_1,703
591,N09000007,Lisburn and Castlereagh,95SS11S2,Glenavy_2,645
592,N09000010,"Newry, Mourne and Down",95NN02W1,Audley's Acre,599
593,N09000007,Lisburn and Castlereagh,95SS12W1,Harmony Hill,852
594,N09000002,"Armagh City, Banbridge and Craigavon",95LL02S1,Annagh_1,583
595,N09000010,"Newry, Mourne and Down",95NN03S1,Ballymaglave_1,396
596,N09000005,Derry City and Strabane,95MM06S2,Carn Hill_2,59
597,N09000007,Lisburn and Castlereagh,95SS13S1,Hilden_1,190
598,N09000002,"Armagh City, Banbridge and Craigavon",95LL02S2,Annagh_2,73
599,N09000010,"Newry, Mourne and Down",95NN03S2,Ballymaglave_2,475
600,N09000005,Derry City and Strabane,95MM07W1,Caw,287
601,N09000007,Lisburn and Castlereagh,95SS13S2,Hilden_2,202
602,N09000002,"Armagh City, Banbridge and Craigavon",95LL03W1,Ballybay,200
603,N09000010,"Newry, Mourne and Down",95NN04W1,Ballymote,115
604,N09000005,Derry City and Strabane,95MM08S1,Clondermot_1,43
605,N09000009,Mid Ulster,95OO14W1,Donaghmore,425
606,N09000007,Lisburn and Castlereagh,95SS14S1,Hillhall_1,277
607,N09000002,"Armagh City, Banbridge and Craigavon",95LL04W1,Ballyoran,412
608,N09000010,"Newry, Mourne and Down",95NN05W1,Ballynahinch East,283
609,N09000010,"Newry, Mourne and Down",95NN06S1,Castlewellan_1,235
610,N09000010,"Newry, Mourne and Down",95NN06S2,Castlewellan_2,455
611,N09000010,"Newry, Mourne and Down",95NN07S1,Cathedral_1,352
612,N09000010,"Newry, Mourne and Down",95NN07S2,Cathedral_2,106
613,N09000010,"Newry, Mourne and Down",95NN08S1,Crossgar_1,669
614,N09000010,"Newry, Mourne and Down",95NN08S2,Crossgar_2,660
615,N09000010,"Newry, Mourne and Down",95NN09S1,Derryboy_1,716
616,N09000010,"Newry, Mourne and Down",95NN09S2,Derryboy_2,464
617,N09000010,"Newry, Mourne and Down",95NN10S1,Donard_1,442
618,N09000010,"Newry, Mourne and Down",95NN10S2,Donard_2,671
619,N09000010,"Newry, Mourne and Down",95NN11S1,Drumaness_1,364
620,N09000010,"Newry, Mourne and Down",95NN11S2,Drumaness_2,629
621,N09000010,"Newry, Mourne and Down",95NN12W1,Dundrum,321
622,N09000010,"Newry, Mourne and Down",95NN13W1,Dunmore,666
623,N09000010,"Newry, Mourne and Down",95NN14S1,Killough_1,217
624,N09000010,"Newry, Mourne and Down",95NN14S2,Killough_2,261
625,N09000010,"Newry, Mourne and Down",95NN15W1,Killyleagh,381
626,N09000010,"Newry, Mourne and Down",95NN16S1,Kilmore_1,735
627,N09000010,"Newry, Mourne and Down",95NN16S2,Kilmore_2,693
628,N09000010,"Newry, Mourne and Down",95NN17W1,Murlough,89
629,N09000010,"Newry, Mourne and Down",95NN18S1,Quoile_1,186
630,N09000010,"Newry, Mourne and Down",95NN18S2,Quoile_2,761
631,N09000010,"Newry, Mourne and Down",95NN19S1,Saintfield_1,771
632,N09000010,"Newry, Mourne and Down",95NN19S2,Saintfield_2,781
633,N09000010,"Newry, Mourne and Down",95NN20W1,Seaforde,429
634,N09000010,"Newry, Mourne and Down",95NN21W1,Shimna,295
635,N09000010,"Newry, Mourne and Down",95NN22W1,Strangford,474
636,N09000010,"Newry, Mourne and Down",95NN23S1,Tollymore_1,375
637,N09000010,"Newry, Mourne and Down",95NN23S2,Tollymore_2,372
638,N09000009,Mid Ulster,95OO01W1,Altmore,313
639,N09000009,Mid Ulster,95OO02W1,Augher,479
640,N09000009,Mid Ulster,95OO03W1,Aughnacloy,344
641,N09000009,Mid Ulster,95OO04W1,Ballygawley,232
642,N09000009,Mid Ulster,95OO05W1,Ballysaggart,239
643,N09000002,"Armagh City, Banbridge and Craigavon",95LL05S1,Bleary_1,825
644,N09000009,Mid Ulster,95OO15W1,Drumglass,291
645,N09000002,"Armagh City, Banbridge and Craigavon",95LL05S2,Bleary_2,631
646,N09000007,Lisburn and Castlereagh,95SS14S2,Hillhall_2,690
647,N09000009,Mid Ulster,95OO16W1,Fivemiletown,431
648,N09000002,"Armagh City, Banbridge and Craigavon",95LL06S1,Brownstown_1,423
649,N09000007,Lisburn and Castlereagh,95SS15S1,Hillsborough_1,862
650,N09000009,Mid Ulster,95OO17W1,Killyman,560
651,N09000005,Derry City and Strabane,95MM08S2,Clondermot_2,633
652,N09000002,"Armagh City, Banbridge and Craigavon",95LL06S2,Brownstown_2,447
653,N09000007,Lisburn and Castlereagh,95SS15S2,Hillsborough_2,812
654,N09000009,Mid Ulster,95OO18W1,Killymeal,624
655,N09000005,Derry City and Strabane,95MM09S1,Claudy_1,490
656,N09000002,"Armagh City, Banbridge and Craigavon",95LL07W1,Church,62
657,N09000003,Belfast,95SS16S1,Kilwee_1,553
658,N09000009,Mid Ulster,95OO19W1,Moy,558
659,N09000005,Derry City and Strabane,95MM09S2,Claudy_2,340
660,N09000002,"Armagh City, Banbridge and Craigavon",95LL08S1,Corcrain_1,129
661,N09000003,Belfast,95SS16S2,Kilwee_2,107
662,N09000009,Mid Ulster,95OO20W1,Moygashel,586
663,N09000005,Derry City and Strabane,95MM10S1,Creggan Central_1,10
664,N09000002,"Armagh City, Banbridge and Craigavon",95LL08S2,Corcrain_2,108
665,N09000007,Lisburn and Castlereagh,95SS17S1,Knockmore_1,576
666,N09000009,Mid Ulster,95OO21W1,Mullaghmore,355
667,N09000009,Mid Ulster,95OO22W1,Washing Bay,476
668,N09000006,Fermanagh and Omagh,95PP01W1,Ballinamallard,526
669,N09000006,Fermanagh and Omagh,95PP02W1,Belcoo and Garrison,238
670,N09000006,Fermanagh and Omagh,95PP03W1,Belleek and Boa,151
671,N09000006,Fermanagh and Omagh,95PP04W1,Boho Cleenish and Letterbreen,399
672,N09000006,Fermanagh and Omagh,95PP05W1,Brookeborough,366
673,N09000006,Fermanagh and Omagh,95PP06S1,Castlecoole_1,357
674,N09000006,Fermanagh and Omagh,95PP06S2,Castlecoole_2,466
675,N09000006,Fermanagh and Omagh,95PP07W1,Derrygonnelly,436
676,N09000006,Fermanagh and Omagh,95PP08W1,Derrylin,362
677,N09000006,Fermanagh and Omagh,95PP09W1,Devenish,44
678,N09000006,Fermanagh and Omagh,95PP10W1,Donagh,234
679,N09000006,Fermanagh and Omagh,95PP11W1,Erne,216
680,N09000006,Fermanagh and Omagh,95PP12W1,Florence Court and Kinawley,275
681,N09000006,Fermanagh and Omagh,95PP13W1,Irvinestown,143
682,N09000006,Fermanagh and Omagh,95PP14S1,Kesh Ederney and Lack_1,211
683,N09000006,Fermanagh and Omagh,95PP14S2,Kesh Ederney and Lack_2,392
684,N09000006,Fermanagh and Omagh,95PP15W1,Lisbellaw,622
685,N09000006,Fermanagh and Omagh,95PP16W1,Lisnarrick,413
686,N09000006,Fermanagh and Omagh,95PP17W1,Lisnaskea,182
687,N09000006,Fermanagh and Omagh,95PP18W1,Maguiresbridge,394
688,N09000006,Fermanagh and Omagh,95PP19W1,Newtownbutler,112
689,N09000006,Fermanagh and Omagh,95PP20W1,Portora,214
690,N09000006,Fermanagh and Omagh,95PP21W1,Rosslea,114
691,N09000006,Fermanagh and Omagh,95PP22W1,Rossorry,409
692,N09000006,Fermanagh and Omagh,95PP23W1,Tempo,309
693,N09000008,Mid and East Antrim,95QQ01W1,Antiville,156
694,N09000008,Mid and East Antrim,95QQ02W1,Ballycarry,612
695,N09000008,Mid and East Antrim,95QQ03W1,Ballyloran,104
696,N09000008,Mid and East Antrim,95QQ04W1,Blackcave,367
697,N09000008,Mid and East Antrim,95QQ05W1,Carncastle,729
698,N09000008,Mid and East Antrim,95QQ06W1,Carnlough,369
699,N09000008,Mid and East Antrim,95QQ07W1,Central,192
700,N09000008,Mid and East Antrim,95QQ08W1,Craigy Hill,209
701,N09000007,Lisburn and Castlereagh,95SS17S2,Knockmore_2,346
702,N09000007,Lisburn and Castlereagh,95SS18S1,Lagan Valley_1,246
703,N09000007,Lisburn and Castlereagh,95SS18S2,Lagan Valley_2,380
704,N09000007,Lisburn and Castlereagh,95SS19S1,Lambeg_1,606
705,N09000007,Lisburn and Castlereagh,95SS19S2,Lambeg_2,359
706,N09000007,Lisburn and Castlereagh,95SS20W1,Lisnagarvey,809
707,N09000007,Lisburn and Castlereagh,95SS21S1,Maghaberry_1,712
708,N09000007,Lisburn and Castlereagh,95SS21S2,Maghaberry_2,742
709,N09000007,Lisburn and Castlereagh,95SS22S1,Magheralave_1,753
710,N09000007,Lisburn and Castlereagh,95SS22S2,Magheralave_2,857
711,N09000005,Derry City and Strabane,95MM10S2,Creggan Central_2,69
712,N09000007,Lisburn and Castlereagh,95SS23S1,Maze_1,787
713,N09000002,"Armagh City, Banbridge and Craigavon",95LL09S1,Court_1,54
714,N09000005,Derry City and Strabane,95MM11W1,Creggan South,33
715,N09000007,Lisburn and Castlereagh,95SS23S2,Maze_2,646
716,N09000002,"Armagh City, Banbridge and Craigavon",95LL09S2,Court_2,179
717,N09000005,Derry City and Strabane,95MM12S1,Crevagh_1,142
718,N09000007,Lisburn and Castlereagh,95SS24S1,Moira_1,804
719,N09000002,"Armagh City, Banbridge and Craigavon",95LL10S1,Derrytrasna_1,697
720,N09000005,Derry City and Strabane,95MM12S2,Crevagh_2,3
721,N09000007,Lisburn and Castlereagh,95SS24S2,Moira_2,796
722,N09000005,Derry City and Strabane,95MM12S3,Crevagh_3,149
723,N09000002,"Armagh City, Banbridge and Craigavon",95LL10S2,Derrytrasna_2,608
724,N09000005,Derry City and Strabane,95MM13S1,Culmore_1,650
725,N09000002,"Armagh City, Banbridge and Craigavon",95LL11S1,Donaghcloney_1,519
726,N09000007,Lisburn and Castlereagh,95SS25W1,Old Warren,118
727,N09000005,Derry City and Strabane,95MM13S2,Culmore_2,22
728,N09000003,Belfast,95SS26S1,Poleglass_1,39
729,N09000002,"Armagh City, Banbridge and Craigavon",95LL11S2,Donaghcloney_2,727
730,N09000005,Derry City and Strabane,95MM13S3,Culmore_3,130
731,N09000003,Belfast,95SS26S2,Poleglass_2,454
732,N09000002,"Armagh City, Banbridge and Craigavon",95LL12S1,Drumgask_1,208
733,N09000005,Derry City and Strabane,95MM13S4,Culmore_4,300
734,N09000007,Lisburn and Castlereagh,95SS27W1,Seymour Hill,418
735,N09000002,"Armagh City, Banbridge and Craigavon",95LL12S2,Drumgask_2,52
736,N09000005,Derry City and Strabane,95MM13S5,Culmore_5,738
737,N09000007,Lisburn and Castlereagh,95SS28W1,Tonagh,282
738,N09000002,"Armagh City, Banbridge and Craigavon",95LL13S1,Drumgor_1,262
739,N09000005,Derry City and Strabane,95MM14S1,Ebrington_1,416
740,N09000003,Belfast,95SS29S1,Twinbrook_1,42
741,N09000002,"Armagh City, Banbridge and Craigavon",95LL13S2,Drumgor_2,81
742,N09000005,Derry City and Strabane,95MM14S2,Ebrington_2,38
743,N09000003,Belfast,95SS29S2,Twinbrook_2,36
744,N09000002,"Armagh City, Banbridge and Craigavon",95LL14S1,Drumnamoe_1,83
745,N09000005,Derry City and Strabane,95MM15S1,Eglinton_1,421
746,N09000007,Lisburn and Castlereagh,95SS30S1,Wallace Park_1,858
747,N09000002,"Armagh City, Banbridge and Craigavon",95LL14S2,Drumnamoe_2,351
748,N09000005,Derry City and Strabane,95MM15S2,Eglinton_2,636
749,N09000007,Lisburn and Castlereagh,95SS30S2,Wallace Park_2,842
750,N09000002,"Armagh City, Banbridge and Craigavon",95LL15S1,Edenderry_1,427
751,N09000005,Derry City and Strabane,95MM16S1,Enagh_1,180
752,N09000009,Mid Ulster,95TT01W1,Ballymaguigan,664
753,N09000002,"Armagh City, Banbridge and Craigavon",95LL15S2,Edenderry_2,682
754,N09000005,Derry City and Strabane,95MM16S2,Enagh_2,634
755,N09000009,Mid Ulster,95TT02W1,Bellaghy,541
756,N09000002,"Armagh City, Banbridge and Craigavon",95LL16S1,Kernan_1,780
757,N09000005,Derry City and Strabane,95MM17S1,Foyle Springs_1,713
758,N09000009,Mid Ulster,95TT03S1,Castledawson_1,453
759,N09000002,"Armagh City, Banbridge and Craigavon",95LL16S2,Kernan_2,616
760,N09000005,Derry City and Strabane,95MM17S2,Foyle Springs_2,229
761,N09000009,Mid Ulster,95TT03S2,Castledawson_2,607
762,N09000002,"Armagh City, Banbridge and Craigavon",95LL17W1,Killycomain,468
763,N09000005,Derry City and Strabane,95MM18S1,Holly Mount_1,470
764,N09000009,Mid Ulster,95TT04W1,Draperstown,389
765,N09000002,"Armagh City, Banbridge and Craigavon",95LL18S1,Knocknashane_1,678
766,N09000005,Derry City and Strabane,95MM18S2,Holly Mount_2,603
767,N09000009,Mid Ulster,95TT05S1,Glebe_1,688
768,N09000002,"Armagh City, Banbridge and Craigavon",95LL18S2,Knocknashane_2,775
769,N09000005,Derry City and Strabane,95MM19S1,Kilfennan_1,630
770,N09000009,Mid Ulster,95TT05S2,Glebe_2,227
771,N09000002,"Armagh City, Banbridge and Craigavon",95LL19S1,Magheralin_1,746
772,N09000005,Derry City and Strabane,95MM19S2,Kilfennan_2,415
773,N09000009,Mid Ulster,95TT06W1,Gulladuff,589
774,N09000002,"Armagh City, Banbridge and Craigavon",95LL19S2,Magheralin_2,689
775,N09000005,Derry City and Strabane,95MM20S1,Lisnagelvin_1,274
776,N09000009,Mid Ulster,95TT07W1,Knockcloghrim,674
777,N09000009,Mid Ulster,95TT08W1,Lecumpher,563
778,N09000009,Mid Ulster,95TT09S1,Lower Glenshane_1,527
779,N09000009,Mid Ulster,95TT09S2,Lower Glenshane_2,661
780,N09000009,Mid Ulster,95TT10W1,Maghera,255
781,N09000009,Mid Ulster,95TT11S1,Swatragh_1,562
782,N09000009,Mid Ulster,95TT11S2,Swatragh_2,459
783,N09000009,Mid Ulster,95TT12W1,Tobermore,582
784,N09000005,Derry City and Strabane,95MM20S2,Lisnagelvin_2,513
785,N09000005,Derry City and Strabane,95MM21S1,New Buildings_1,278
786,N09000005,Derry City and Strabane,95MM21S2,New Buildings_2,739
787,N09000005,Derry City and Strabane,95MM22S1,Pennyburn_1,419
788,N09000005,Derry City and Strabane,95MM22S2,Pennyburn_2,755
789,N09000005,Derry City and Strabane,95MM23W1,Rosemount,68
790,N09000005,Derry City and Strabane,95MM24W1,Shantallow East,86
791,N09000005,Derry City and Strabane,95MM25S1,Shantallow West_1,19
792,N09000005,Derry City and Strabane,95MM25S2,Shantallow West_2,27
793,N09000002,"Armagh City, Banbridge and Craigavon",95LL20W1,Mourneview,301
794,N09000002,"Armagh City, Banbridge and Craigavon",95LL21W1,Parklake,417
795,N09000002,"Armagh City, Banbridge and Craigavon",95LL22W1,Taghnevan,332
796,N09000002,"Armagh City, Banbridge and Craigavon",95LL23W1,Tavanagh,164
797,N09000002,"Armagh City, Banbridge and Craigavon",95LL24S1,The Birches_1,534
798,N09000002,"Armagh City, Banbridge and Craigavon",95LL24S2,The Birches_2,577
799,N09000002,"Armagh City, Banbridge and Craigavon",95LL25S1,Waringstown_1,715
800,N09000002,"Armagh City, Banbridge and Craigavon",95LL25S2,Waringstown_2,767
801,N09000001,Antrim and Newtownabbey,95WW21S2,Monkstown_2,462
802,N09000001,Antrim and Newtownabbey,95WW22S1,Mossley_1,722
803,N09000001,Antrim and Newtownabbey,95WW22S2,Mossley_2,193
804,N09000001,Antrim and Newtownabbey,95WW23S1,Rostulla_1,628
805,N09000001,Antrim and Newtownabbey,95WW23S2,Rostulla_2,886
806,N09000001,Antrim and Newtownabbey,95WW24S1,Valley_1,319
807,N09000001,Antrim and Newtownabbey,95WW24S2,Valley_2,184
808,N09000001,Antrim and Newtownabbey,95WW25W1,Whitehouse,135
809,N09000011,Ards and North Down,95XX01S1,Ballycrochan_1,863
810,N09000011,Ards and North Down,95XX01S2,Ballycrochan_2,830
811,N09000011,Ards and North Down,95XX01S3,Ballycrochan_3,737
812,N09000011,Ards and North Down,95XX02W1,Ballyholme,840
813,N09000011,Ards and North Down,95XX03S1,Ballymaconnell_1,751
814,N09000011,Ards and North Down,95XX03S2,Ballymaconnell_2,847
815,N09000011,Ards and North Down,95XX04S1,Ballymagee_1,864
816,N09000011,Ards and North Down,95XX04S2,Ballymagee_2,714
817,N09000011,Ards and North Down,95XX05W1,Bangor Castle,585
818,N09000011,Ards and North Down,95XX06S1,Bloomfield_1,354
819,N09000011,Ards and North Down,95XX06S2,Bloomfield_2,523
820,N09000011,Ards and North Down,95XX07S1,Broadway_1,726
821,N09000011,Ards and North Down,95XX07S2,Broadway_2,868
822,N09000011,Ards and North Down,95XX08S1,Bryansburn_1,776
823,N09000011,Ards and North Down,95XX08S2,Bryansburn_2,789
824,N09000011,Ards and North Down,95XX09S1,Churchill_1,798
825,N09000011,Ards and North Down,95XX09S2,Churchill_2,788
826,N09000011,Ards and North Down,95XX10S1,Clandeboye_1,307
827,N09000011,Ards and North Down,95XX10S2,Clandeboye_2,702
828,N09000011,Ards and North Down,95XX10S3,Clandeboye_3,356
829,N09000011,Ards and North Down,95XX11S1,Conlig_1,497
830,N09000011,Ards and North Down,95XX11S2,Conlig_2,602
831,N09000011,Ards and North Down,95XX11S3,Conlig_3,134
832,N09000011,Ards and North Down,95XX12W1,Craigavad,756
833,N09000011,Ards and North Down,95XX13W1,Crawfordsburn,824
834,N09000011,Ards and North Down,95XX14W1,Cultra,762
835,N09000011,Ards and North Down,95XX15W1,Dufferin,317
836,N09000011,Ards and North Down,95XX16W1,Groomsport,768
837,N09000011,Ards and North Down,95XX17S1,Harbour_1,174
838,N09000011,Ards and North Down,95XX17S2,Harbour_2,632
839,N09000011,Ards and North Down,95XX18W1,Holywood Demesne,647
840,N09000011,Ards and North Down,95XX19W1,Holywood Priory,816
841,N09000011,Ards and North Down,95XX20S1,Loughview_1,250
842,N09000011,Ards and North Down,95XX20S2,Loughview_2,480
843,N09000011,Ards and North Down,95XX21W1,Princetown,818
844,N09000011,Ards and North Down,95XX22W1,Rathgael,532
845,N09000011,Ards and North Down,95XX23W1,Silverstream,530
846,N09000011,Ards and North Down,95XX24S1,Springhill_1,855
847,N09000011,Ards and North Down,95XX24S2,Springhill_2,731
848,N09000011,Ards and North Down,95XX25W1,Whitehill,242
849,N09000006,Fermanagh and Omagh,95YY01W1,Beragh,422
850,N09000006,Fermanagh and Omagh,95YY02W1,Camowen,312
851,N09000006,Fermanagh and Omagh,95YY03W1,Clanabogan,461
852,N09000006,Fermanagh and Omagh,95YY04W1,Coolnagard,438
853,N09000006,Fermanagh and Omagh,95YY05W1,Dergmoney,316
854,N09000006,Fermanagh and Omagh,95YY06W1,Dromore,383
855,N09000006,Fermanagh and Omagh,95YY07W1,Drumnakilly,395
856,N09000006,Fermanagh and Omagh,95YY08W1,Drumquin,311
857,N09000006,Fermanagh and Omagh,95YY09W1,Drumragh,323
858,N09000006,Fermanagh and Omagh,95YY10W1,Fairy Water,512
859,N09000006,Fermanagh and Omagh,95YY11W1,Fintona,138
860,N09000006,Fermanagh and Omagh,95YY12W1,Gortin,573
861,N09000006,Fermanagh and Omagh,95YY13S1,Gortrush_1,529
862,N09000006,Fermanagh and Omagh,95YY13S2,Gortrush_2,188
863,N09000006,Fermanagh and Omagh,95YY14S1,Killyclogher_1,264
864,N09000006,Fermanagh and Omagh,95YY14S2,Killyclogher_2,445
865,N09000006,Fermanagh and Omagh,95YY15S1,Lisanelly_1,47
866,N09000006,Fermanagh and Omagh,95YY15S2,Lisanelly_2,46
867,N09000006,Fermanagh and Omagh,95YY16W1,Newtownsaville,452
868,N09000006,Fermanagh and Omagh,95YY17W1,Owenkillew,257
869,N09000006,Fermanagh and Omagh,95YY18W1,Sixmilecross,289
870,N09000006,Fermanagh and Omagh,95YY19W1,Strule,168
871,N09000006,Fermanagh and Omagh,95YY20W1,Termon,280
872,N09000006,Fermanagh and Omagh,95YY21W1,Trillick,379
873,N09000005,Derry City and Strabane,95ZZ01W1,Artigarvan,376
874,N09000005,Derry City and Strabane,95ZZ02W1,Ballycolman,37
875,N09000005,Derry City and Strabane,95ZZ03W1,Castlederg,152
876,N09000005,Derry City and Strabane,95ZZ04W1,Clare,333
877,N09000005,Derry City and Strabane,95ZZ05W1,Dunnamanagh,148
878,N09000005,Derry City and Strabane,95ZZ06W1,East,1
879,N09000005,Derry City and Strabane,95ZZ07W1,Finn,166
880,N09000005,Derry City and Strabane,95ZZ08W1,Glenderg,90
881,N09000005,Derry City and Strabane,95ZZ09W1,Newtownstewart,201
882,N09000005,Derry City and Strabane,95ZZ10W1,North,141
883,N09000005,Derry City and Strabane,95ZZ11W1,Plumbridge,304
884,N09000005,Derry City and Strabane,95ZZ12W1,Sion Mills,175
885,N09000005,Derry City and Strabane,95ZZ13W1,Slievekirk,299
886,N09000005,Derry City and Strabane,95ZZ14S1,South_1,236
887,N09000005,Derry City and Strabane,95ZZ14S2,South_2,477
888,N09000005,Derry City and Strabane,95ZZ15W1,Victoria Bridge,266
889,N09000005,Derry City and Strabane,95ZZ16S1,West_1,205
890,N09000005,Derry City and Strabane,95ZZ16S2,West_2,170
